<?xml version="1.0" encoding="UTF-8"?>
<metadata xml:lang="en"><Esri><CreaDate>20120320</CreaDate><CreaTime>10470700</CreaTime><ArcGISFormat>1.0</ArcGISFormat><SyncOnce>TRUE</SyncOnce><DataProperties><itemProps><itemLocation><linkage Sync="TRUE">file://\\ERICVM7-PC\C$\intro-python\data\Centerline</linkage><protocol Sync="TRUE">Local Area Network</protocol></itemLocation></itemProps><copyHistory><copy source="C:\intro-python\charlottesville.gdb\Centerline" dest="\\ERICVM7-PC\C$\intro-python\data\Centerline" date="20120320" time="10480900"></copy></copyHistory></DataProperties></Esri></metadata>
