<?xml version="1.0" encoding="UTF-8"?>
<metadata xml:lang="en"><Esri><CreaDate>20120320</CreaDate><CreaTime>10471100</CreaTime><ArcGISFormat>1.0</ArcGISFormat><SyncOnce>TRUE</SyncOnce><DataProperties><itemProps><itemLocation><linkage Sync="TRUE">file://\\ERICVM7-PC\C$\intro-python\data\City_Trails</linkage><protocol Sync="TRUE">Local Area Network</protocol></itemLocation></itemProps><copyHistory><copy source="C:\intro-python\charlottesville.gdb\City_Trails" dest="\\ERICVM7-PC\C$\intro-python\data\City_Trails" date="20120320" time="10481100"></copy></copyHistory></DataProperties></Esri></metadata>
